0,1,2,3,4,5,6,7,8,9,10,11,12,13,14,15,16,17,18,19,20,21,22,23
0.0,0.0,0.0,0.0,0.0,0.0,0.0,0.0,0.0,0.0,0.0,0.0,0.0,0.0,0.0,0.0,0.0,0.0,0.0,0.0,0.0,0.0,0.0,0.0
2.2562083473601707e-21,0.0,2.2562083473601707e-21,0.0,2.2562083473601707e-21,0.0,0.0,2.2562083473601707e-21,-4.5124166947203414e-21,-2.2562083473601707e-21,2.2562083473601707e-21,2.2562083473601707e-21,5.0014008550872234e-08,5.001400855086772e-08,5.033689933168409e-08,5.043909493116316e-08,5.0439094931160904e-08,5.033689933168184e-08,5.033689933168184e-08,5.0439094931160904e-08,5.0439094931160904e-08,5.033689933167958e-08,5.0014008550865465e-08,5.001400855086772e-08
5.033689933168184e-08,5.033689933168409e-08,5.0014008550865465e-08,5.043909493116316e-08,5.0439094931160904e-08,5.0014008550865465e-08,5.001400855086772e-08,5.0439094931160904e-08,5.043909493115865e-08,5.0014008550865465e-08,5.033689933168635e-08,5.033689933168635e-08,2.2562083473601707e-21,4.5124166947203414e-21,-2.2562083473601707e-21,-3.384312521040256e-21,0.0,0.0,2.2562083473601707e-21,-2.2562083473601707e-21,-2.2562083473601707e-21,-4.5124166947203414e-21,2.2562083473601707e-21,-2.2562083473601707e-21
-4.189063198105435e-08,4.189063198106112e-08,-1.2750728284140168e-07,-4.479219487674559e-08,4.479219487674333e-08,1.2750728284140168e-07,-1.2750728284140393e-07,-4.479219487674559e-08,4.479219487674108e-08,1.2750728284140168e-07,-4.189063198104984e-08,4.189063198106338e-08,-1.2750728284140282e-07,-1.275072828413983e-07,-4.189063198105435e-08,-4.4792194876747846e-08,-4.4792194876747846e-08,-4.189063198105435e-08,4.189063198105435e-08,4.479219487674559e-08,4.4792194876747846e-08,4.189063198105435e-08,1.275072828414062e-07,1.2750728284140507e-07
-8.980086822635593e-08,-8.980086822635481e-08,-2.911830601060843e-08,-3.1460551475135825e-08,-3.146055147513921e-08,-2.911830601060843e-08,2.911830601060843e-08,3.146055147513357e-08,3.1460551475129055e-08,2.9118306010606174e-08,8.980086822636158e-08,8.980086822636271e-08,-2.911830601060166e-08,2.9118306010612944e-08,-8.980086822635707e-08,-3.1460551475135825e-08,3.146055147513131e-08,8.980086822635707e-08,-8.980086822635932e-08,-3.1460551475135825e-08,3.1460551475135825e-08,8.980086822635707e-08,-2.9118306010606174e-08,2.911830601060843e-08
2.936571250429887e-08,-2.9365712504296613e-08,8.936876605484809e-08,3.1401223597250944e-08,-3.140122359725658e-08,-8.93687660548526e-08,8.936876605485036e-08,3.140122359724869e-08,-3.140122359725658e-08,-8.93687660548526e-08,2.936571250430338e-08,-2.9365712504294357e-08,-8.936876605484809e-08,-8.936876605484584e-08,-2.936571250429887e-08,-3.140122359725207e-08,-3.1401223597254326e-08,-2.936571250430338e-08,2.9365712504296613e-08,3.140122359724869e-08,3.140122359725207e-08,2.936571250429887e-08,8.93687660548526e-08,8.936876605485036e-08
2.420772577537282e-08,2.4207725775375077e-08,2.2524945743510597e-07,-7.010775144881639e-08,-7.010775144881865e-08,2.2524945743510597e-07,2.2524945743510822e-07,-7.010775144881639e-08,-7.010775144881865e-08,2.2524945743510597e-07,2.4207725775370564e-08,2.4207725775375077e-08,7.249151998844716e-08,-7.249151998843814e-08,7.296483366054399e-08,2.7303592435082232e-08,-2.7303592435086742e-08,-7.29648336605485e-08,-7.29648336605485e-08,-2.730359243508449e-08,2.7303592435086742e-08,7.296483366054624e-08,-7.24915199884449e-08,7.249151998844265e-08
7.296483366054624e-08,-7.296483366054399e-08,7.249151998844265e-08,2.7303592435086742e-08,-2.7303592435086742e-08,-7.249151998844716e-08,-7.249151998844265e-08,-2.7303592435088998e-08,2.7303592435079975e-08,7.249151998844039e-08,-7.296483366054399e-08,7.296483366055075e-08,2.2524945743510822e-07,2.2524945743511047e-07,2.4207725775370564e-08,-7.010775144881639e-08,-7.010775144881865e-08,2.420772577536831e-08,2.4207725775370564e-08,-7.010775144881865e-08,-7.010775144881639e-08,2.4207725775370564e-08,2.2524945743510822e-07,2.2524945743510597e-07
1.0092839103298404e-07,1.0092839103298855e-07,-1.0053613753484106e-07,1.0271737429844238e-10,1.0271737429618618e-10,-1.0053613753483767e-07,-1.0053613753483316e-07,1.0271737429618618e-10,1.0271737429505807e-10,-1.0053613753483992e-07,1.0092839103298855e-07,1.0092839103298629e-07,7.248163328120605e-08,-7.248163328120266e-08,7.295492806079337e-08,2.7299875347353795e-08,-2.729987534735154e-08,-7.295492806079788e-08,-7.295492806079563e-08,-2.729987534735154e-08,2.729987534735605e-08,7.295492806079563e-08,-7.248163328120718e-08,7.24816332812038e-08
-7.295492806079563e-08,7.295492806080014e-08,-7.248163328120718e-08,-2.7299875347349285e-08,2.7299875347348157e-08,7.248163328120605e-08,7.248163328121056e-08,2.7299875347350414e-08,-2.7299875347358308e-08,-7.248163328120831e-08,7.295492806080014e-08,-7.295492806079224e-08,1.0053613753483992e-07,1.0053613753483767e-07,-1.0092839103298629e-07,-1.0271737429731427e-10,-1.027173743018267e-10,-1.0092839103298967e-07,-1.0092839103298967e-07,-1.027173743018267e-10,-1.0271737429957048e-10,-1.0092839103298855e-07,1.0053613753483767e-07,1.0053613753483767e-07
-4.899493959838203e-08,4.8994939598386545e-08,-1.6055167135584687e-07,1.0144672406527741e-07,-1.0144672406527854e-07,1.6055167135584237e-07,-1.6055167135584462e-07,1.0144672406527741e-07,-1.0144672406528305e-07,1.6055167135584237e-07,-4.8994939598379775e-08,4.8994939598386545e-08,-1.605516713558401e-07,-1.605516713558401e-07,-4.8994939598386545e-08,1.0144672406527966e-07,1.0144672406527741e-07,-4.899493959838429e-08,4.899493959838203e-08,-1.0144672406527854e-07,-1.0144672406527629e-07,4.8994939598386545e-08,1.6055167135584687e-07,1.6055167135584237e-07
-7.779655473768204e-08,7.77965547376843e-08,1.952334061706235e-07,-8.10150473456271e-08,8.10150473456271e-08,-1.9523340617062913e-07,1.9523340617063026e-07,-8.10150473456271e-08,8.101504734562258e-08,-1.95233406170628e-07,-7.779655473767979e-08,7.77965547376843e-08,-1.952334061706235e-07,-1.9523340617062574e-07,7.77965547376843e-08,8.101504734562485e-08,8.10150473456271e-08,7.779655473768204e-08,-7.779655473768543e-08,-8.101504734562936e-08,-8.10150473456271e-08,-7.779655473768543e-08,1.95233406170628e-07,1.9523340617062574e-07
-2.8259229047774324e-08,-2.8259229047774324e-08,-1.4556326251945512e-07,6.080276869724247e-08,6.080276869723909e-08,-1.4556326251945284e-07,1.455632625194506e-07,-6.080276869724021e-08,-6.080276869724472e-08,1.455632625194506e-07,2.8259229047774324e-08,2.8259229047778838e-08,-1.455632625194506e-07,1.4556326251945512e-07,-2.8259229047778838e-08,6.080276869724247e-08,-6.080276869724247e-08,2.8259229047774324e-08,-2.8259229047778838e-08,6.080276869723909e-08,-6.080276869723796e-08,2.8259229047774324e-08,-1.4556326251945173e-07,1.4556326251945284e-07
1.1176118452922982e-07,-1.1176118452922757e-07,-8.350554611128491e-08,1.0273515922867163e-08,-1.0273515922864906e-08,8.350554611128152e-08,-8.350554611128491e-08,1.027351592286265e-08,-1.0273515922867163e-08,8.350554611128152e-08,1.1176118452923207e-07,-1.117611845292287e-07,-8.350554611128152e-08,-8.350554611128152e-08,1.1176118452923207e-07,1.0273515922864906e-08,1.027351592286265e-08,1.1176118452922982e-07,-1.1176118452923095e-07,-1.0273515922866034e-08,-1.0273515922863778e-08,-1.1176118452923321e-07,8.350554611128377e-08,8.350554611128152e-08
-8.410252193469769e-08,-8.410252193469542e-08,1.1132026025474457e-07,1.0109112769631668e-08,1.0109112769629411e-08,1.1132026025474682e-07,-1.1132026025474682e-07,-1.0109112769631668e-08,-1.0109112769633924e-08,-1.1132026025475246e-07,8.410252193469769e-08,8.410252193469994e-08,-1.113202602547457e-07,1.113202602547536e-07,8.410252193469542e-08,-1.010911276963054e-08,1.0109112769631668e-08,-8.410252193469655e-08,8.410252193469769e-08,-1.0109112769632796e-08,1.0109112769633924e-08,-8.410252193469881e-08,-1.1132026025474909e-07,1.1132026025474682e-07
4.8649730930670286e-08,-4.864973093066239e-08,4.8791505777095973e-08,-7.787820634849103e-08,7.787820634849103e-08,-4.879150577710048e-08,-4.8791505777098223e-08,7.787820634849103e-08,-7.787820634849554e-08,4.8791505777095973e-08,-4.864973093066465e-08,4.864973093067254e-08,1.6234233582279881e-07,1.6234233582279881e-07,5.948673320323129e-10,1.0248588022913848e-08,1.0248588022911592e-08,5.948673320323129e-10,5.948673320323129e-10,1.0248588022910463e-08,1.0248588022913848e-08,5.948673320323129e-10,1.623423358227943e-07,1.623423358227943e-07
5.948673320323129e-10,5.948673320345691e-10,1.623423358227943e-07,1.024858802291272e-08,1.0248588022910463e-08,1.6234233582279204e-07,1.6234233582279654e-07,1.0248588022910463e-08,1.0248588022909335e-08,1.6234233582279204e-07,5.948673320368254e-10,5.948673320345691e-10,4.879150577710048e-08,-4.879150577709372e-08,4.8649730930666905e-08,-7.787820634848878e-08,7.787820634848652e-08,-4.8649730930666905e-08,-4.8649730930666905e-08,7.787820634848652e-08,-7.787820634849103e-08,4.864973093066465e-08,-4.879150577709372e-08,4.879150577709372e-08
8.515527262144718e-08,-8.515527262144493e-08,-1.8166918586883395e-07,7.792020044530822e-08,-7.79202004453071e-08,1.8166918586883282e-07,1.816691858688351e-07,-7.792020044530483e-08,7.792020044530483e-08,-1.8166918586883282e-07,-8.51552726214438e-08,8.515527262144944e-08,1.2954753198111787e-07,1.2954753198111562e-07,-3.237274253788538e-08,-7.242173493252802e-09,-7.242173493252802e-09,-3.237274253788087e-08,-3.2372742537883125e-08,-7.2421734932505465e-09,-7.242173493247162e-09,-3.2372742537883125e-08,1.2954753198111337e-07,1.2954753198111337e-07
3.237274253788087e-08,3.237274253788538e-08,-1.2954753198111562e-07,7.242173493249418e-09,7.242173493247162e-09,-1.2954753198111562e-07,-1.2954753198111337e-07,7.242173493244906e-09,7.242173493244906e-09,-1.2954753198111787e-07,3.2372742537883125e-08,3.237274253788538e-08,1.816691858688351e-07,-1.8166918586882943e-07,-8.515527262144718e-08,-7.79202004453071e-08,7.79202004453037e-08,8.515527262144493e-08,8.515527262144493e-08,7.792020044530146e-08,-7.792020044530483e-08,-8.515527262144944e-08,-1.8166918586883395e-07,1.8166918586883282e-07
-1.3373169973900828e-07,1.3373169973900942e-07,1.3293013941305415e-07,-1.1192534330381897e-10,1.1192534330043465e-10,-1.3293013941306093e-07,-1.3293013941305643e-07,1.1192534330043465e-10,-1.1192534330607518e-10,1.3293013941305415e-07,1.3373169973901167e-07,-1.3373169973900603e-07,4.873788834500864e-08,4.873788834500864e-08,4.924757341940266e-08,-7.443795316448576e-09,-7.443795316448576e-09,4.92475734194004e-08,4.92475734194004e-08,-7.443795316448576e-09,-7.4437953164463205e-09,4.92475734194004e-08,4.873788834500864e-08,4.873788834500639e-08
4.9247573419404914e-08,4.924757341940717e-08,4.8737888345004136e-08,-7.443795316448576e-09,-7.443795316450833e-09,4.873788834500864e-08,4.873788834500639e-08,-7.443795316448576e-09,-7.4437953164530885e-09,4.873788834500639e-08,4.924757341940717e-08,4.924757341940943e-08,1.3293013941305643e-07,-1.3293013941305304e-07,-1.3373169973900942e-07,-1.1192534330381897e-10,1.1192534330043465e-10,1.3373169973900942e-07,1.3373169973900717e-07,1.1192534330381897e-10,-1.1192534330381897e-10,-1.3373169973900942e-07,-1.329301394130519e-07,1.3293013941305643e-07
-1.571111505675846e-08,1.5711115056760715e-08,-8.958531915271546e-08,-9.455032938493155e-08,9.455032938492704e-08,8.95853191527132e-08,-8.95853191527132e-08,-9.455032938493155e-08,9.455032938492704e-08,8.95853191527132e-08,-1.5711115056760715e-08,1.5711115056760715e-08,-8.958531915271207e-08,-8.958531915271207e-08,-1.5711115056760715e-08,-9.45503293849293e-08,-9.45503293849293e-08,-1.5711115056760715e-08,1.5711115056756205e-08,9.455032938492479e-08,9.455032938492704e-08,1.5711115056756205e-08,8.95853191527132e-08,8.958531915271094e-08
-7.130540718418086e-09,-7.1305407184135734e-09,-5.7942756863324024e-08,-3.2670294139766586e-08,-3.267029413976546e-08,-5.7942756863324024e-08,5.794275686332177e-08,3.267029413976772e-08,3.2670294139763204e-08,5.794275686331951e-08,7.130540718415829e-09,7.130540718418086e-09,-5.794275686332177e-08,5.7942756863326274e-08,-7.1305407184203414e-09,-3.2670294139763204e-08,3.267029413976546e-08,7.130540718415829e-09,-7.1305407184203414e-09,-3.267029413976772e-08,3.267029413976772e-08,7.130540718415829e-09,-5.794275686332177e-08,5.794275686331951e-08
-3.658636886265851e-08,3.6586368862660764e-08,1.1743997874779998e-07,9.899941493535796e-08,-9.899941493536247e-08,-1.1743997874780449e-07,1.1743997874780223e-07,9.899941493535796e-08,-9.899941493536247e-08,-1.1743997874780674e-07,-3.658636886265851e-08,3.6586368862660764e-08,-1.1743997874779885e-07,-1.174399787478011e-07,3.658636886265851e-08,-9.899941493536022e-08,-9.899941493536247e-08,3.658636886265625e-08,-3.6586368862660764e-08,9.899941493535796e-08,9.899941493536022e-08,-3.658636886266302e-08,1.1743997874780223e-07,1.1743997874779771e-07
-4.735609219795516e-08,-4.7356092197952904e-08,1.80920535421932e-07,-3.607072352167684e-08,-3.607072352167684e-08,1.8092053542193426e-07,-1.8092053542193654e-07,3.607072352167684e-08,3.6070723521672326e-08,-1.8092053542193315e-07,4.735609219795967e-08,4.735609219795742e-08,-1.8092053542192976e-07,1.8092053542193879e-07,4.735609219795516e-08,3.607072352167684e-08,-3.607072352167684e-08,-4.735609219795742e-08,4.7356092197952904e-08,3.607072352167458e-08,-3.607072352167458e-08,-4.735609219795742e-08,-1.8092053542193315e-07,1.80920535421932e-07
-8.709997076060032e-08,8.709997076060708e-08,-6.475984022446862e-08,-3.038182900820896e-08,3.0381829008206706e-08,6.47598402244675e-08,-6.475984022446862e-08,-3.0381829008213475e-08,3.0381829008206706e-08,6.475984022446976e-08,-8.709997076059918e-08,8.709997076060483e-08,-6.47598402244675e-08,-6.475984022446976e-08,-8.709997076060369e-08,-3.038182900820896e-08,-3.038182900820896e-08,-8.709997076060483e-08,8.709997076060032e-08,3.0381829008206706e-08,3.038182900820896e-08,8.709997076060032e-08,6.475984022447201e-08,6.475984022446525e-08
-9.547023324098015e-09,-9.547023324095758e-09,-1.3362293010002315e-07,3.0637644847373427e-09,3.0637644847373427e-09,-1.3362293010002315e-07,1.33622930100022e-07,-3.0637644847373427e-09,-3.063764484741855e-09,1.33622930100022e-07,9.547023324100271e-09,9.547023324100271e-09,-1.336229301000209e-07,1.3362293010002428e-07,-9.547023324098015e-09,3.0637644847373427e-09,-3.0637644847395988e-09,9.547023324093503e-09,-9.547023324100271e-09,3.0637644847373427e-09,-3.0637644847373427e-09,9.547023324098015e-09,-1.3362293010002315e-07,1.3362293010001976e-07
1.3486893199423973e-07,-1.348689319942307e-07,9.316785995124298e-09,-2.9494439784225062e-09,2.9494439784168657e-09,-9.316785995126554e-09,9.316785995126554e-09,-2.9494439784247628e-09,2.9494439784191222e-09,-9.316785995126554e-09,1.3486893199423748e-07,-1.3486893199423296e-07,-9.316785995119786e-09,-9.316785995119786e-09,-1.3486893199423862e-07,2.9494439784191222e-09,2.9494439784168657e-09,-1.3486893199423748e-07,1.3486893199423523e-07,-2.9494439784225062e-09,-2.9494439784225062e-09,1.3486893199423973e-07,9.316785995124298e-09,9.316785995124298e-09
1.1725342908808872e-08,1.1725342908808872e-08,1.4286261951272937e-07,5.925596153378137e-08,5.925596153378137e-08,1.4286261951273164e-07,1.428626195127339e-07,5.925596153378137e-08,5.925596153377686e-08,1.4286261951272937e-07,1.1725342908808872e-08,1.1725342908811127e-08,2.1633565740708535e-08,-2.1633565740701765e-08,2.3124841324249347e-08,9.854428699247584e-08,-9.854428699247697e-08,-2.3124841324251603e-08,-2.3124841324251603e-08,-9.854428699247923e-08,9.854428699247697e-08,2.3124841324249347e-08,-2.163356574070628e-08,2.1633565740701765e-08
2.3124841324251603e-08,-2.312484132424709e-08,2.1633565740704022e-08,9.854428699247584e-08,-9.854428699247697e-08,-2.1633565740704022e-08,-2.1633565740701765e-08,-9.854428699247697e-08,9.854428699247472e-08,2.1633565740701765e-08,-2.3124841324249347e-08,2.312484132425386e-08,1.4286261951273614e-07,1.4286261951274067e-07,1.1725342908806616e-08,5.925596153378137e-08,5.925596153378137e-08,1.1725342908808872e-08,1.1725342908806616e-08,5.925596153378137e-08,5.925596153378137e-08,1.1725342908806616e-08,1.4286261951273614e-07,1.4286261951273164e-07
2.5515299886312274e-08,2.5515299886319043e-08,-1.081996167786331e-07,-2.5900218589313e-08,-2.5900218589317512e-08,-1.081996167786331e-07,-1.0819961677863085e-07,-2.5900218589315256e-08,-2.5900218589317512e-08,-1.0819961677863762e-07,2.551529988631453e-08,2.551529988631453e-08,6.471704628097427e-08,-6.471704628096524e-08,-2.136722305508109e-08,9.889922528844597e-08,-9.889922528844822e-08,2.1367223055078834e-08,2.1367223055078834e-08,-9.889922528844597e-08,9.889922528844483e-08,-2.136722305508109e-08,-6.471704628096975e-08,6.471704628096975e-08
2.1367223055078834e-08,-2.1367223055076577e-08,-6.471704628097314e-08,-9.88992252884437e-08,9.889922528844258e-08,6.471704628096975e-08,6.471704628097202e-08,9.88992252884437e-08,-9.889922528844822e-08,-6.471704628097427e-08,-2.136722305507432e-08,2.1367223055085604e-08,1.0819961677863988e-07,1.0819961677863762e-07,-2.5515299886316787e-08,2.5900218589314127e-08,2.590021858931187e-08,-2.5515299886316787e-08,-2.5515299886313402e-08,2.5900218589313e-08,2.5900218589315256e-08,-2.5515299886316787e-08,1.0819961677863537e-07,1.0819961677863537e-07
6.78728917734452e-08,6.787289177344408e-08,1.830274332541717e-08,2.5924300971757577e-08,2.5924300971753064e-08,1.8302743325414914e-08,1.8302743325414914e-08,2.5924300971753064e-08,2.5924300971753064e-08,1.830274332541717e-08,6.78728917734452e-08,6.78728917734452e-08,1.5959852196107842e-07,-1.5959852196107167e-07,7.352251887586373e-08,-2.403367570204013e-09,2.403367570204013e-09,-7.352251887586824e-08,-7.35225188758671e-08,2.403367570204013e-09,-2.403367570204013e-09,7.352251887586146e-08,-1.5959852196107392e-07,1.5959852196107167e-07
7.352251887586598e-08,-7.352251887586146e-08,1.5959852196107167e-07,-2.403367570204013e-09,2.4033675702017567e-09,-1.5959852196107279e-07,-1.5959852196107167e-07,2.4033675702017567e-09,-2.403367570208525e-09,1.5959852196107167e-07,-7.352251887586034e-08,7.352251887586824e-08,1.8302743325423937e-08,1.8302743325419423e-08,6.787289177344069e-08,2.592430097175532e-08,2.5924300971750807e-08,6.787289177344069e-08,6.787289177344069e-08,2.5924300971750807e-08,2.592430097175532e-08,6.787289177344294e-08,1.8302743325419423e-08,1.830274332541717e-08
-2.3717482080461444e-08,-2.371748208045693e-08,2.3698586540303212e-08,-5.3765829380007673e-11,-5.376582938452009e-11,2.3698586540303212e-08,2.369858654030547e-08,-5.376582938226388e-11,-5.37658293867763e-11,2.3698586540303212e-08,-2.3717482080459188e-08,-2.3717482080459188e-08,1.1643643914534487e-07,-1.1643643914534261e-07,1.1821720756915209e-07,-2.7998081524271447e-09,2.7998081524248885e-09,-1.182172075691566e-07,-1.1821720756915548e-07,2.7998081524271447e-09,-2.7998081524271447e-09,1.1821720756915209e-07,-1.1643643914534487e-07,1.1643643914534036e-07
-1.1821720756914984e-07,1.1821720756915885e-07,-1.1643643914534487e-07,2.799808152429401e-09,-2.7998081524271447e-09,1.1643643914534036e-07,1.1643643914534487e-07,-2.799808152430529e-09,2.7998081524248885e-09,-1.1643643914534149e-07,1.1821720756915885e-07,-1.1821720756915209e-07,-2.3698586540300956e-08,-2.3698586540300956e-08,2.371748208045693e-08,5.3765829380007673e-11,5.376582938226388e-11,2.3717482080459188e-08,2.3717482080461444e-08,5.376582937775147e-11,5.376582938226388e-11,2.3717482080461444e-08,-2.3698586540300956e-08,-2.3698586540303212e-08
-3.845690900659558e-08,3.845690900660009e-08,-1.578672242047831e-07,2.887372267930655e-08,-2.887372267930542e-08,1.5786722420477631e-07,-1.578672242047786e-07,2.8873722679302036e-08,-2.8873722679307677e-08,1.578672242047786e-07,-3.845690900659107e-08,3.8456909006597836e-08,-1.5786722420477631e-07,-1.5786722420477182e-07,-3.8456909006597836e-08,2.8873722679307677e-08,2.8873722679304292e-08,-3.8456909006597836e-08,3.845690900659332e-08,-2.8873722679309933e-08,-2.887372267930542e-08,3.845690900659332e-08,1.578672242047831e-07,1.578672242047786e-07
-2.5291905346152205e-08,2.5291905346156718e-08,1.8240389619341613e-07,-6.69692275763193e-08,6.69692275763193e-08,-1.8240389619341951e-07,1.8240389619341838e-07,-6.696922757632495e-08,6.696922757631705e-08,-1.8240389619342063e-07,-2.529190534614995e-08,2.5291905346156718e-08,-1.82403896193415e-07,-1.82403896193415e-07,2.529190534614995e-08,6.696922757632381e-08,6.69692275763193e-08,2.5291905346152205e-08,-2.5291905346154462e-08,-6.696922757632381e-08,-6.696922757632156e-08,-2.5291905346154462e-08,1.8240389619342063e-07,1.8240389619341613e-07
-3.740014733881992e-08,-3.740014733881992e-08,-7.332109340560362e-08,-2.7283989725298756e-08,-2.7283989725298756e-08,-7.332109340560475e-08,7.33210934056025e-08,2.7283989725294243e-08,2.7283989725291987e-08,7.332109340560024e-08,3.7400147338826686e-08,3.740014733882894e-08,-7.332109340559799e-08,7.332109340560475e-08,-3.740014733882443e-08,-2.7283989725298756e-08,2.72839897252965e-08,3.740014733882217e-08,-3.740014733882443e-08,-2.7283989725301013e-08,2.72839897252965e-08,3.740014733882217e-08,-7.332109340560362e-08,7.33210934056025e-08
4.463581430117675e-09,-4.463581430117675e-09,-1.0767832956935737e-07,3.5906590219895405e-08,-3.5906590219895405e-08,1.0767832956935286e-07,-1.0767832956935511e-07,3.590659021989089e-08,-3.590659021989992e-08,1.076783295693506e-07,4.463581430122187e-09,-4.463581430117675e-09,-1.076783295693506e-07,-1.0767832956935173e-07,4.463581430117675e-09,3.590659021989315e-08,3.590659021989315e-08,4.463581430119931e-09,-4.463581430122187e-09,-3.590659021989766e-08,-3.5906590219895405e-08,-4.463581430119931e-09,1.0767832956935511e-07,1.0767832956935286e-07
-4.242725985554279e-08,-4.24272598555394e-08,9.316546534455428e-08,5.791727203304049e-08,5.79172720330371e-08,9.316546534455203e-08,-9.316546534455203e-08,-5.7917272033042744e-08,-5.7917272033042744e-08,-9.316546534455428e-08,4.242725985554166e-08,4.2427259855543914e-08,-9.316546534455428e-08,9.316546534455655e-08,4.242725985554053e-08,-5.791727203304049e-08,5.79172720330371e-08,-4.2427259855545046e-08,4.24272598555394e-08,-5.7917272033042744e-08,5.791727203303823e-08,-4.2427259855543914e-08,-9.316546534455428e-08,9.316546534454977e-08
-4.308016556048798e-08,4.308016556049248e-08,-1.0065602127317967e-08,1.233219322540554e-08,-1.2332193225408923e-08,1.0065602127313455e-08,-1.0065602127313455e-08,1.2332193225408923e-08,-1.233219322541118e-08,1.0065602127313455e-08,-4.308016556048572e-08,4.308016556049248e-08,1.0065602127320223e-08,1.0065602127320223e-08,4.308016556048572e-08,-1.2332193225408923e-08,-1.2332193225408923e-08,4.308016556048798e-08,-4.3080165560490233e-08,1.2332193225408923e-08,1.233219322541118e-08,-4.3080165560490233e-08,-1.0065602127315712e-08,-1.0065602127315712e-08
-8.006205221131485e-08,-8.006205221131259e-08,-1.33244847863339e-07,-9.974571700618611e-09,-9.974571700620868e-09,-1.3324484786334124e-07,1.3324484786334124e-07,9.974571700618611e-09,9.974571700615226e-09,1.3324484786333674e-07,8.00620522113171e-08,8.00620522113171e-08,-1.332448478633356e-07,1.3324484786334352e-07,-8.00620522113171e-08,-9.974571700618611e-09,9.974571700617483e-09,8.006205221131485e-08,-8.006205221131485e-08,-9.974571700620868e-09,9.97457170061974e-09,8.006205221131259e-08,-1.33244847863339e-07,1.3324484786333674e-07
9.055069119237069e-08,-9.055069119236618e-08,4.3685194076073676e-08,-1.4343132129527457e-09,1.4343132129550018e-09,-4.3685194076080446e-08,4.3685194076080446e-08,-1.4343132129572582e-09,1.4343132129527457e-09,-4.368519407607819e-08,9.055069119237295e-08,-9.05506911923628e-08,4.36851940760827e-08,4.36851940760827e-08,9.055069119236844e-08,-1.4343132129550018e-09,-1.4343132129572582e-09,9.055069119236618e-08,-9.055069119237183e-08,1.4343132129550018e-09,1.4343132129550018e-09,-9.055069119237295e-08,-4.368519407607593e-08,-4.368519407607593e-08
4.4071345714724514e-08,4.407134571472903e-08,8.832830258583524e-08,-1.3832881684045773e-09,-1.3832881684034492e-09,8.832830258583524e-08,-8.83283025858375e-08,1.3832881683989367e-09,1.3832881684011928e-09,-8.832830258583863e-08,-4.407134571472e-08,-4.407134571472e-08,-8.832830258583524e-08,8.832830258583976e-08,-4.4071345714724514e-08,1.3832881684057053e-09,-1.3832881684034492e-09,4.407134571472226e-08,-4.4071345714724514e-08,1.3832881683989367e-09,-1.3832881684000648e-09,4.4071345714724514e-08,-8.832830258583637e-08,8.832830258583524e-08
7.357586091208609e-08,-7.357586091208158e-08,6.97427564400377e-08,-6.411303117287235e-08,6.41130311728746e-08,-6.974275644004109e-08,-6.974275644003995e-08,6.411303117287235e-08,-6.41130311728746e-08,6.97427564400377e-08,-7.357586091208044e-08,7.357586091208609e-08,2.6216016084248386e-07,2.621601608424816e-07,3.0951905786217534e-08,-6.047944464631235e-08,-6.047944464631235e-08,3.0951905786217534e-08,3.0951905786217534e-08,-6.047944464631235e-08,-6.047944464630784e-08,3.0951905786217534e-08,2.621601608424793e-07,2.621601608424771e-07
3.095190578622205e-08,3.095190578622205e-08,2.621601608424793e-07,-6.047944464631009e-08,-6.047944464631572e-08,2.621601608424748e-07,2.621601608424793e-07,-6.047944464631235e-08,-6.047944464631686e-08,2.621601608424771e-07,3.095190578621979e-08,3.0951905786224304e-08,6.974275644004446e-08,-6.97427564400377e-08,7.357586091208158e-08,-6.411303117287235e-08,6.411303117287009e-08,-7.357586091208609e-08,-7.357586091208609e-08,6.411303117287235e-08,-6.411303117287235e-08,7.357586091208158e-08,-6.974275644003995e-08,6.974275644004221e-08
1.4457354854754098e-08,-1.4457354854749585e-08,-1.5137989615667776e-07,6.504400843337386e-08,-6.504400843337611e-08,1.5137989615667438e-07,1.5137989615667663e-07,-6.504400843337837e-08,6.504400843337386e-08,-1.513798961566755e-07,-1.4457354854751841e-08,1.4457354854754098e-08,1.8230424612612623e-07,1.8230424612612623e-07,-5.6758762353594634e-08,-3.5817107753899564e-08,-3.5817107753899564e-08,-5.6758762353596884e-08,-5.6758762353594634e-08,-3.581710775390182e-08,-3.5817107753896176e-08,-5.675876235359238e-08,1.8230424612612623e-07,1.8230424612611948e-07
5.675876235359238e-08,5.6758762353594634e-08,-1.8230424612612398e-07,3.581710775390069e-08,3.581710775389392e-08,-1.8230424612612512e-07,-1.8230424612612287e-07,3.5817107753896176e-08,3.581710775389392e-08,-1.8230424612612737e-07,5.675876235359914e-08,5.675876235359238e-08,1.5137989615667888e-07,-1.5137989615667438e-07,-1.4457354854756355e-08,-6.50440084333716e-08,6.50440084333716e-08,1.4457354854754098e-08,1.4457354854754098e-08,6.504400843337386e-08,-6.504400843337386e-08,-1.4457354854758611e-08,-1.513798961566755e-07,1.5137989615667663e-07
-3.3707700870338116e-08,3.3707700870338116e-08,1.330360655183343e-07,1.1040181717397785e-08,-1.1040181717403425e-08,-1.330360655183343e-07,-1.3303606551833093e-07,-1.1040181717400042e-08,1.1040181717395529e-08,1.330360655183298e-07,3.370770087034037e-08,-3.370770087033586e-08,8.655673691004883e-08,8.65567369100511e-08,4.52110667135841e-08,-3.5322994808724224e-08,-3.532299480872648e-08,4.5211066713579586e-08,4.5211066713579586e-08,-3.53229948087231e-08,-3.532299480872084e-08,4.521106671358184e-08,8.655673691004432e-08,8.655673691004658e-08
4.5211066713579586e-08,4.52110667135841e-08,8.655673691004432e-08,-3.532299480872084e-08,-3.53229948087231e-08,8.655673691004432e-08,8.655673691004658e-08,-3.53229948087231e-08,-3.5322994808725356e-08,8.655673691004432e-08,4.52110667135841e-08,4.5211066713586356e-08,1.3303606551833657e-07,-1.330360655183298e-07,-3.3707700870338116e-08,1.1040181717402298e-08,-1.1040181717400042e-08,3.3707700870338116e-08,3.370770087033586e-08,-1.1040181717402298e-08,1.1040181717400042e-08,-3.370770087034037e-08,-1.3303606551833204e-07,1.330360655183298e-07
5.380695862183269e-09,-5.380695862185525e-09,-1.0810888922919252e-07,-1.1694211219218628e-08,1.1694211219214115e-08,1.0810888922919027e-07,1.0810888922919252e-07,1.1694211219216372e-08,-1.1694211219220885e-08,-1.0810888922919366e-07,-5.380695862183269e-09,5.380695862187782e-09,-2.6873666095990726e-08,-2.6873666095988473e-08,-7.330113588290595e-08,1.1757832248508375e-09,1.1757832248485813e-09,-7.330113588290707e-08,-7.330113588290595e-08,1.1757832248485813e-09,1.1757832248508375e-09,-7.33011358829082e-08,-2.6873666095990726e-08,-2.6873666095992982e-08
7.330113588290482e-08,7.330113588290707e-08,2.6873666095988473e-08,-1.1757832248485813e-09,-1.1757832248508375e-09,2.6873666095986216e-08,2.6873666095990726e-08,-1.1757832248530938e-09,-1.1757832248530938e-09,2.6873666095988473e-08,7.330113588290707e-08,7.330113588290933e-08,1.0810888922919478e-07,-1.0810888922919139e-07,-5.380695862185525e-09,1.1694211219218628e-08,-1.1694211219218628e-08,5.380695862181013e-09,5.380695862183269e-09,-1.1694211219220885e-08,1.1694211219216372e-08,-5.380695862187782e-09,-1.0810888922919478e-07,1.0810888922919252e-07
-5.950132236045081e-08,5.950132236045532e-08,5.731649829969363e-08,2.5715573574218587e-11,-2.5715573576474796e-11,-5.731649829970266e-08,-5.73164982997004e-08,-2.571557357985911e-11,2.571557356970617e-11,5.731649829969589e-08,5.950132236045532e-08,-5.950132236045081e-08,-4.85800501358897e-08,-4.8580050135885186e-08,-4.966156937713152e-08,1.4223411763190148e-09,1.4223411763167587e-09,-4.966156937713152e-08,-4.966156937713152e-08,1.4223411763122462e-09,1.4223411763167587e-09,-4.966156937713152e-08,-4.8580050135891956e-08,-4.8580050135891956e-08
-4.966156937713152e-08,-4.966156937712701e-08,-4.858005013589421e-08,1.4223411763190148e-09,1.4223411763190148e-09,-4.858005013589421e-08,-4.8580050135891956e-08,1.4223411763178867e-09,1.4223411763167587e-09,-4.8580050135891956e-08,-4.966156937712701e-08,-4.9661569377129267e-08,5.731649829970266e-08,-5.731649829969589e-08,-5.95013223604542e-08,2.5715573578731002e-11,-2.5715573576474796e-11,5.950132236045081e-08,5.950132236045081e-08,-2.5715573578731002e-11,2.5715573578731002e-11,-5.9501322360453065e-08,-5.73164982997004e-08,5.7316498299698145e-08
-6.930450257188618e-08,6.930450257188505e-08,-2.0425344501231646e-07,1.8622604130884868e-08,-1.8622604130885996e-08,2.0425344501231758e-07,-2.042534450123142e-07,1.8622604130884868e-08,-1.8622604130888253e-08,2.0425344501231758e-07,-6.930450257188505e-08,6.930450257189182e-08,-2.042534450123142e-07,-2.0425344501231308e-07,-6.930450257188392e-08,1.8622604130884868e-08,1.862260413088261e-08,-6.930450257188505e-08,6.930450257188505e-08,-1.8622604130885996e-08,-1.862260413088374e-08,6.930450257188731e-08,2.0425344501231758e-07,2.0425344501231758e-07
-5.676815830407203e-08,-5.676815830406977e-08,-1.5113246849516052e-07,4.5661945553870895e-08,4.566194555386864e-08,-1.5113246849515713e-07,1.5113246849515824e-07,-4.566194555387315e-08,-4.566194555387541e-08,1.51132468495156e-07,5.676815830407654e-08,5.6768158304074286e-08,-1.5113246849515374e-07,1.5113246849516052e-07,-5.6768158304074286e-08,4.566194555387315e-08,-4.566194555387315e-08,5.676815830407203e-08,-5.676815830407654e-08,4.566194555386864e-08,-4.5661945553870895e-08,5.676815830407203e-08,-1.51132468495156e-07,1.5113246849515374e-07
-6.503087452852697e-08,6.503087452853149e-08,2.249630229979396e-07,1.891432146274037e-08,-1.8914321462744882e-08,-2.2496302299794412e-07,2.2496302299794637e-07,1.891432146274037e-08,-1.8914321462747138e-08,-2.2496302299794412e-07,-6.503087452852697e-08,6.503087452852924e-08,-2.2496302299794185e-07,-2.2496302299793735e-07,6.503087452852697e-08,-1.891432146274037e-08,-1.891432146274037e-08,6.503087452852697e-08,-6.503087452852924e-08,1.891432146274037e-08,1.8914321462742625e-08,-6.503087452853149e-08,2.2496302299794185e-07,2.249630229979396e-07
-5.775022185127784e-08,-5.775022185127558e-08,2.092793158450169e-07,-4.697057054532691e-08,-4.697057054532917e-08,2.0927931584501466e-07,-2.092793158450169e-07,4.69705705453224e-08,4.69705705453224e-08,-2.0927931584502144e-07,5.775022185128235e-08,5.77502218512846e-08,-2.092793158450169e-07,2.0927931584502144e-07,5.7750221851280095e-08,4.697057054532917e-08,-4.6970570545324655e-08,-5.775022185128235e-08,5.775022185127784e-08,4.697057054532691e-08,-4.697057054532691e-08,-5.775022185128235e-08,-2.0927931584501805e-07,2.092793158450192e-07
9.539339933973524e-10,-9.539339933928401e-10,-1.2343066374438278e-07,-1.783962560487064e-08,1.783962560487177e-08,1.2343066374437603e-07,-1.2343066374438278e-07,-1.7839625604872897e-08,1.7839625604869512e-08,1.2343066374438053e-07,9.539339933996087e-10,-9.539339933905838e-10,-1.2343066374438053e-07,-1.2343066374438053e-07,9.539339933928401e-10,-1.783962560487064e-08,-1.783962560487177e-08,9.539339933950963e-10,-9.539339933973524e-10,1.7839625604867256e-08,1.7839625604867256e-08,-9.539339933973524e-10,1.2343066374438506e-07,1.2343066374438053e-07
-3.430398887867842e-08,-3.430398887867616e-08,-1.579969450755429e-07,8.169419483725824e-09,8.169419483723567e-09,-1.579969450755429e-07,1.5799694507554062e-07,-8.16941948372808e-09,-8.169419483730337e-09,1.5799694507554062e-07,3.4303988878680676e-08,3.4303988878680676e-08,-1.5799694507553837e-07,1.579969450755429e-07,-3.4303988878680676e-08,8.169419483725824e-09,-8.16941948372808e-09,3.430398887867616e-08,-3.4303988878680676e-08,8.169419483723567e-09,-8.169419483723567e-09,3.430398887867616e-08,-1.579969450755395e-07,1.5799694507553837e-07
5.417021914723248e-08,-5.417021914722571e-08,3.91570208069872e-08,-2.086142894914716e-08,2.086142894914829e-08,-3.91570208069872e-08,3.91570208069872e-08,-2.086142894914829e-08,2.0861428949146033e-08,-3.915702080698607e-08,5.417021914723248e-08,-5.417021914723022e-08,-3.9157020806982686e-08,-3.9157020806982686e-08,-5.417021914723022e-08,2.086142894914829e-08,2.086142894914829e-08,-5.417021914723022e-08,5.417021914722571e-08,-2.086142894914829e-08,-2.086142894914716e-08,5.417021914723022e-08,3.91570208069872e-08,3.915702080698494e-08
-4.634210794920956e-08,-4.6342107949207306e-08,8.402132497670828e-08,7.383123269984069e-09,7.3831232699773004e-09,8.40213249767128e-08,-8.40213249767128e-08,-7.383123269981813e-09,-7.383123269986325e-09,-8.40213249767128e-08,4.634210794921182e-08,4.634210794921182e-08,-8.402132497670603e-08,8.402132497671505e-08,4.6342107949207306e-08,-7.383123269975045e-09,7.383123269979557e-09,-4.634210794921182e-08,4.634210794920956e-08,-7.383123269979557e-09,7.383123269979557e-09,-4.634210794921182e-08,-8.402132497671055e-08,8.402132497671055e-08
2.522792921274057e-08,-2.5227929212736057e-08,3.6747281742255877e-08,6.231162560523678e-09,-6.231162560523678e-09,-3.674728174226039e-08,3.674728174225813e-08,6.231162560523678e-09,-6.231162560527062e-09,-3.674728174226039e-08,2.5227929212742826e-08,-2.5227929212738313e-08,3.67472817422649e-08,3.674728174226039e-08,2.5227929212738313e-08,6.231162560525934e-09,6.231162560523678e-09,2.522792921274057e-08,-2.522792921274057e-08,-6.231162560523678e-09,-6.23116256052255e-09,-2.522792921274057e-08,-3.674728174225813e-08,-3.6747281742262646e-08
4.181764698749203e-08,4.181764698749429e-08,-3.048444763222994e-08,-7.12312869129782e-10,-7.123128691320381e-10,-3.04844476322322e-08,3.048444763222994e-08,7.12312869129782e-10,7.123128691275257e-10,3.0484447632227685e-08,-4.181764698748752e-08,-4.1817646987489774e-08,-3.0484447632227685e-08,3.04844476322322e-08,4.181764698749203e-08,-7.123128691320381e-10,7.12312869129782e-10,-4.181764698749429e-08,4.1817646987489774e-08,-7.123128691320381e-10,7.123128691320381e-10,-4.181764698749429e-08,-3.0484447632227685e-08,3.048444763222994e-08
3.223307812358433e-08,-3.2233078123582074e-08,-4.00594718199347e-08,6.843447247079126e-10,-6.843447247079126e-10,4.00594718199347e-08,-4.00594718199347e-08,6.843447247079126e-10,-6.843447247079126e-10,4.0059471819930185e-08,3.223307812358659e-08,-3.2233078123582074e-08,4.0059471819936955e-08,4.0059471819936955e-08,-3.223307812358433e-08,-6.843447247056564e-10,-6.843447247079126e-10,-3.2233078123582074e-08,3.2233078123582074e-08,6.843447247056564e-10,6.843447247079126e-10,3.2233078123582074e-08,-4.00594718199347e-08,-4.00594718199347e-08
2.80960303892647e-08,2.809603038926921e-08,2.055577733272282e-07,9.279111965051314e-09,9.279111965050186e-09,2.055577733272282e-07,2.055577733272282e-07,9.279111965046801e-09,9.279111965046801e-09,2.0555777332722594e-07,2.8096030389266956e-08,2.8096030389266956e-08,7.515625968281147e-08,-7.515625968280696e-08,7.992571206510946e-08,1.8005280291322918e-08,-1.8005280291322918e-08,-7.992571206510946e-08,-7.99257120651106e-08,-1.8005280291325175e-08,1.8005280291325175e-08,7.992571206510721e-08,-7.515625968280921e-08,7.515625968280921e-08
7.992571206511173e-08,-7.992571206510609e-08,7.515625968280696e-08,1.8005280291322918e-08,-1.8005280291322918e-08,-7.515625968281147e-08,-7.515625968280921e-08,-1.8005280291322918e-08,1.8005280291318405e-08,7.515625968280696e-08,-7.992571206510495e-08,7.992571206511173e-08,2.0555777332723044e-07,2.055577733272327e-07,2.8096030389260187e-08,9.279111965049057e-09,9.279111965050186e-09,2.8096030389262443e-08,2.8096030389262443e-08,9.279111965050186e-09,9.279111965049057e-09,2.8096030389262443e-08,2.0555777332723044e-07,2.055577733272282e-07
6.570089453609133e-08,6.570089453608908e-08,-1.329237245710642e-07,-1.2755113153483249e-08,-1.2755113153483249e-08,-1.329237245710608e-07,-1.3292372457105967e-07,-1.2755113153483249e-08,-1.2755113153485505e-08,-1.329237245710642e-07,6.570089453608908e-08,6.570089453608908e-08,1.8160444954862028e-07,-1.8160444954861236e-07,-4.146235975944409e-08,1.8522091649121957e-08,-1.852209164912534e-08,4.1462359759441836e-08,4.146235975943958e-08,-1.8522091649123085e-08,1.852209164912534e-08,-4.1462359759448605e-08,-1.8160444954861236e-07,1.816044495486135e-07
4.146235975944409e-08,-4.146235975943958e-08,-1.8160444954861464e-07,-1.852209164912083e-08,1.85220916491197e-08,1.8160444954861575e-07,1.8160444954861575e-07,1.85220916491197e-08,-1.8522091649127598e-08,-1.816044495486169e-07,-4.146235975943958e-08,4.146235975944635e-08,1.329237245710642e-07,1.329237245710642e-07,-6.570089453608796e-08,1.2755113153483249e-08,1.2755113153480992e-08,-6.570089453608682e-08,-6.570089453608908e-08,1.2755113153480992e-08,1.2755113153483249e-08,-6.570089453609133e-08,1.3292372457106195e-07,1.3292372457105742e-07
4.502948718152302e-08,4.5029487181527524e-08,3.9267214670922667e-08,1.228319366709646e-08,1.228319366709646e-08,3.926721467092492e-08,3.926721467092718e-08,1.2283193667094203e-08,1.2283193667091947e-08,3.926721467092492e-08,4.5029487181527524e-08,4.502948718152527e-08,2.1206070414876206e-07,-2.1206070414876092e-07,-9.511313651018805e-09,-1.7324106107416825e-08,1.7324106107416825e-08,9.51131365100978e-09,9.51131365100978e-09,1.7324106107415697e-08,-1.732410610741908e-08,-9.511313651014294e-09,-2.1206070414876317e-07,2.1206070414875753e-07
-9.51131365100978e-09,9.511313651016549e-09,2.1206070414875978e-07,-1.732410610741908e-08,1.732410610741908e-08,-2.120607041487643e-07,-2.1206070414876206e-07,1.7324106107416825e-08,-1.7324106107421338e-08,2.1206070414876206e-07,9.511313651018805e-09,-9.51131365100978e-09,3.926721467093169e-08,3.926721467093169e-08,4.502948718152302e-08,1.2283193667094203e-08,1.228319366709646e-08,4.502948718152302e-08,4.502948718152302e-08,1.2283193667094203e-08,1.228319366709646e-08,4.502948718152302e-08,3.9267214670929436e-08,3.926721467092492e-08
1.9917047718223777e-08,1.991704771822829e-08,1.6451550482904686e-08,7.298990262606271e-09,7.298990262604016e-09,1.6451550482906943e-08,1.6451550482906943e-08,7.298990262604016e-09,7.298990262601759e-09,1.6451550482904686e-08,1.9917047718226034e-08,1.991704771822829e-08,1.5009421582653992e-07,-1.5009421582653317e-07,6.020445293642363e-08,-1.7904937807656037e-08,1.7904937807651524e-08,-6.020445293642814e-08,-6.020445293642588e-08,1.7904937807651524e-08,-1.790493780765378e-08,6.020445293642137e-08,-1.5009421582653428e-07,1.5009421582653767e-07
-6.020445293642137e-08,6.020445293642814e-08,-1.5009421582653767e-07,1.790493780765378e-08,-1.7904937807656037e-08,1.500942158265309e-07,1.5009421582653542e-07,-1.7904937807656037e-08,1.7904937807651524e-08,-1.5009421582653653e-07,6.020445293642814e-08,-6.020445293642137e-08,-1.6451550482902433e-08,-1.6451550482904686e-08,-1.9917047718223777e-08,-7.298990262609656e-09,-7.298990262606271e-09,-1.9917047718226034e-08,-1.9917047718226034e-08,-7.298990262608528e-09,-7.298990262608528e-09,-1.9917047718223777e-08,-1.6451550482906943e-08,-1.64515504829092e-08
7.191556368692007e-09,7.191556368692007e-09,-4.002954723247442e-08,-7.8251831947518e-09,-7.825183194749543e-09,-4.002954723247216e-08,-4.002954723247216e-08,-7.825183194754056e-09,-7.825183194756313e-09,-4.002954723247442e-08,7.191556368694264e-09,7.191556368694264e-09,5.989143681631687e-08,-5.989143681631237e-08,-3.756653349015278e-08,5.328316065280264e-10,-5.328316065302825e-10,3.756653349014827e-08,3.756653349014827e-08,-5.328316065302825e-10,5.328316065302825e-10,-3.7566533490150526e-08,-5.989143681631123e-08,5.98914368163101e-08
-3.7566533490150526e-08,3.756653349015278e-08,5.989143681631237e-08,5.328316065280264e-10,-5.328316065302825e-10,-5.989143681631462e-08,-5.98914368163101e-08,-5.328316065280264e-10,5.328316065235139e-10,5.989143681631462e-08,3.756653349015278e-08,-3.756653349014827e-08,-4.002954723247216e-08,-4.002954723247216e-08,7.191556368689751e-09,-7.8251831947518e-09,-7.825183194749543e-09,7.191556368687495e-09,7.191556368689751e-09,-7.8251831947518e-09,-7.8251831947518e-09,7.191556368692007e-09,-4.0029547232469906e-08,-4.0029547232476676e-08
-2.445890927970445e-08,-2.4458909279702192e-08,2.2389680608585994e-08,1.5019359765326565e-11,1.5019359763070356e-11,2.238968060858825e-08,2.2389680608592764e-08,1.5019359761942253e-11,1.5019359760814146e-11,2.238968060858825e-08,-2.4458909279702192e-08,-2.445890927970445e-08,1.2725356318831828e-08,-1.2725356318827315e-08,1.4017850570973783e-08,6.678666252288013e-10,-6.678666252288013e-10,-1.4017850570973783e-08,-1.4017850570976038e-08,-6.678666252288013e-10,6.678666252288013e-10,1.4017850570976038e-08,-1.2725356318827315e-08,1.2725356318825058e-08
-1.4017850570976038e-08,1.4017850570978294e-08,-1.2725356318829571e-08,-6.678666252265451e-10,6.678666252242888e-10,1.2725356318825058e-08,1.2725356318827315e-08,6.678666252242888e-10,-6.678666252288013e-10,-1.2725356318829571e-08,1.4017850570978294e-08,-1.4017850570973783e-08,-2.238968060858825e-08,-2.238968060858825e-08,2.445890927970445e-08,-1.5019359763070356e-11,-1.5019359765326565e-11,2.4458909279706705e-08,2.445890927970445e-08,-1.5019359763070356e-11,-1.5019359760814146e-11,2.445890927970445e-08,-2.238968060858825e-08,-2.2389680608590507e-08
-4.6126918158481e-08,4.612691815848326e-08,-1.2729906063509272e-07,-5.603329370785303e-09,5.603329370785303e-09,1.2729906063509047e-07,-1.2729906063509047e-07,-5.6033293707898154e-09,5.603329370785303e-09,1.2729906063509047e-07,-4.612691815847649e-08,4.612691815848326e-08,-1.272990606350882e-07,-1.272990606350882e-07,-4.612691815848326e-08,-5.603329370785303e-09,-5.6033293707898154e-09,-4.612691815848326e-08,4.6126918158478746e-08,5.603329370785303e-09,5.6033293707898154e-09,4.6126918158481e-08,1.2729906063509047e-07,1.272990606350882e-07
-5.294197708180593e-08,5.294197708181044e-08,1.2470975182438422e-07,-1.4274635478556923e-09,1.4274635478545642e-09,-1.2470975182438872e-07,1.2470975182438647e-07,-1.4274635478579486e-09,1.427463547852308e-09,-1.2470975182438872e-07,-5.294197708180367e-08,5.2941977081808184e-08,-1.2470975182438533e-07,-1.2470975182438194e-07,5.294197708180593e-08,1.4274635478568204e-09,1.4274635478556923e-09,5.294197708180367e-08,-5.2941977081808184e-08,-1.4274635478579486e-09,-1.4274635478556923e-09,-5.2941977081808184e-08,1.2470975182438647e-07,1.2470975182438422e-07
-4.225202597639697e-08,-4.2252025976394716e-08,-9.985834530585817e-08,-1.0482260636348336e-08,-1.048226063635059e-08,-9.985834530585817e-08,9.985834530585817e-08,1.0482260636347207e-08,1.048226063634495e-08,9.985834530585591e-08,4.225202597639923e-08,4.225202597639923e-08,-9.985834530585591e-08,9.985834530585817e-08,-4.225202597639923e-08,-1.048226063635059e-08,1.0482260636349464e-08,4.2252025976394716e-08,-4.2252025976401485e-08,-1.0482260636352847e-08,1.0482260636347207e-08,4.225202597639697e-08,-9.985834530585591e-08,9.985834530585366e-08
-1.6648528903534595e-08,1.6648528903541365e-08,-4.700744028768005e-08,8.786898985398737e-09,-8.786898985399866e-09,4.700744028767328e-08,-4.7007440287675537e-08,8.78689898539648e-09,-8.78689898540212e-09,4.7007440287675537e-08,-1.6648528903534595e-08,1.6648528903539108e-08,-4.7007440287671024e-08,-4.7007440287671024e-08,-1.6648528903543618e-08,8.786898985398737e-09,8.78689898539648e-09,-1.6648528903539108e-08,1.6648528903539108e-08,-8.786898985399866e-09,-8.786898985397609e-09,1.6648528903536852e-08,4.7007440287675537e-08,4.7007440287671024e-08
-6.542956316616564e-08,-6.542956316616226e-08,1.5073489612432922e-07,4.021119330185694e-09,4.021119330185694e-09,1.5073489612433147e-07,-1.5073489612433147e-07,-4.021119330189079e-09,-4.021119330190207e-09,-1.5073489612433372e-07,6.542956316617016e-08,6.542956316616789e-08,-1.5073489612432922e-07,1.5073489612433372e-07,6.542956316616338e-08,-4.0211193301868224e-09,4.021119330187951e-09,-6.542956316616677e-08,6.542956316616338e-08,-4.021119330187951e-09,4.021119330187951e-09,-6.542956316616564e-08,-1.5073489612433147e-07,1.5073489612432922e-07
9.908703648123008e-09,-9.908703648125265e-09,-2.4265565791091332e-08,1.0158066164634178e-08,-1.0158066164635306e-08,2.4265565791084562e-08,-2.4265565791089075e-08,1.0158066164634178e-08,-1.0158066164637563e-08,2.4265565791084562e-08,9.908703648129778e-09,-9.908703648125265e-09,2.4265565791091332e-08,2.4265565791089075e-08,-9.908703648129778e-09,-1.0158066164633051e-08,-1.0158066164635306e-08,-9.908703648127521e-09,9.908703648120752e-09,1.0158066164631923e-08,1.0158066164636434e-08,9.908703648123008e-09,-2.4265565791089075e-08,-2.4265565791089075e-08
-2.974804909833045e-08,-2.9748049098325936e-08,-1.6603172371090802e-07,1.552258728906934e-08,1.552258728906144e-08,-1.6603172371090688e-07,1.6603172371090577e-07,-1.5522587289070468e-08,-1.5522587289072724e-08,1.6603172371090352e-07,2.9748049098334962e-08,2.9748049098334962e-08,-1.6603172371090352e-07,1.6603172371091027e-07,-2.9748049098334962e-08,1.5522587289067083e-08,-1.5522587289072724e-08,2.9748049098332705e-08,-2.9748049098332705e-08,1.552258728906257e-08,-1.552258728906821e-08,2.9748049098328192e-08,-1.6603172371090688e-07,1.6603172371090352e-07
5.648181850369678e-08,-5.648181850369227e-08,5.67402956120701e-08,-9.426912708873169e-09,9.426912708875426e-09,-5.67402956120701e-08,5.67402956120701e-08,-9.426912708875426e-09,9.426912708870912e-09,-5.6740295612072356e-08,5.648181850369904e-08,-5.648181850369227e-08,5.6740295612072356e-08,5.6740295612072356e-08,5.648181850369566e-08,-9.426912708873169e-09,-9.426912708875426e-09,5.648181850369227e-08,-5.648181850369904e-08,9.426912708875426e-09,9.42691270887768e-09,-5.648181850369678e-08,-5.674029561206784e-08,-5.67402956120701e-08
-1.1621797808691352e-08,-1.1621797808689095e-08,1.1200326758645605e-07,-1.7418329361115702e-08,-1.741832936111796e-08,1.1200326758645605e-07,-1.120032675864583e-07,1.741832936111796e-08,1.741832936111683e-08,-1.120032675864583e-07,1.1621797808695863e-08,1.1621797808695863e-08,-1.1200326758645491e-07,1.120032675864583e-07,1.1621797808689095e-08,1.7418329361120215e-08,-1.7418329361119087e-08,-1.1621797808695863e-08,1.1621797808691352e-08,1.741832936111796e-08,-1.741832936111683e-08,-1.1621797808693607e-08,-1.1200326758645717e-07,1.1200326758645605e-07
2.805139204186673e-08,-2.8051392041864474e-08,-3.511371088354421e-08,-4.495383430938916e-09,4.49538343093666e-09,3.5113710883539696e-08,-3.511371088354195e-08,-4.4953834309434285e-09,4.495383430933276e-09,3.511371088354195e-08,2.8051392041868988e-08,-2.8051392041864474e-08,3.5113710883546466e-08,3.511371088354872e-08,-2.805139204186673e-08,4.495383430941172e-09,4.495383430938916e-09,-2.8051392041868988e-08,2.8051392041868988e-08,-4.4953834309434285e-09,-4.495383430941172e-09,2.8051392041864474e-08,-3.511371088354421e-08,-3.511371088354421e-08
3.137665378449697e-08,3.137665378449697e-08,-3.704359723981946e-08,4.023707106086881e-09,4.02370710608124e-09,-3.7043597239821713e-08,3.7043597239821713e-08,-4.023707106089137e-09,-4.023707106091394e-09,3.7043597239814944e-08,-3.13766537844902e-08,-3.13766537844902e-08,-3.7043597239814944e-08,3.7043597239821713e-08,3.1376653784494714e-08,4.023707106086881e-09,-4.023707106090266e-09,-3.137665378449697e-08,3.1376653784494714e-08,4.023707106084625e-09,-4.0237071060823685e-09,-3.137665378449697e-08,-3.7043597239814944e-08,3.70435972398172e-08
7.0621241515797624e-09,-7.062124151577507e-09,1.0099828203611862e-09,3.2350667619060544e-10,-3.235066761917335e-10,-1.0099828203634425e-09,1.0099828203611862e-09,3.235066761894773e-10,-3.2350667619624593e-10,-1.0099828203634425e-09,7.062124151582019e-09,-7.0621241515797624e-09,1.0099828203611862e-09,1.0099828203656986e-09,7.0621241515797624e-09,3.2350667619060544e-10,3.235066761917335e-10,7.0621241515797624e-09,-7.062124151582019e-09,-3.2350667619398975e-10,-3.2350667618722114e-10,-7.0621241515842755e-09,-1.0099828203611862e-09,-1.0099828203634425e-09
3.0232214316113807e-09,3.023221431613637e-09,6.332424527238142e-09,3.075950143844368e-10,3.0759501438218064e-10,6.33242452723927e-09,-6.332424527238142e-09,-3.0759501438218064e-10,-3.0759501438894925e-10,-6.332424527238142e-09,-3.023221431606868e-09,-3.0232214316091246e-09,-6.332424527238142e-09,6.332424527242655e-09,-3.0232214316091246e-09,-3.0759501438218064e-10,3.0759501437992445e-10,3.0232214316113807e-09,-3.0232214316113807e-09,-3.0759501438218064e-10,3.0759501438218064e-10,3.0232214316091246e-09,-6.332424527238142e-09,6.332424527240398e-09
4.851061551407509e-08,-4.851061551406832e-08,4.0672521976797415e-08,-1.0498985985643313e-08,1.04989859856388e-08,-4.067252197680193e-08,-4.0672521976797415e-08,1.04989859856388e-08,-1.0498985985647827e-08,4.0672521976797415e-08,-4.851061551406832e-08,4.851061551407509e-08,9.264551038858723e-08,9.264551038858386e-08,1.6561994759676247e-08,2.4054339535732504e-08,2.4054339535732504e-08,1.6561994759670605e-08,1.6561994759672862e-08,2.4054339535732504e-08,2.405433953573476e-08,1.6561994759672862e-08,9.26455103885816e-08,9.264551038858386e-08
1.6561994759676247e-08,1.6561994759678503e-08,9.264551038857935e-08,2.4054339535732504e-08,2.405433953573476e-08,9.264551038857935e-08,9.26455103885816e-08,2.4054339535732504e-08,2.405433953572799e-08,9.26455103885816e-08,1.6561994759678503e-08,1.6561994759677375e-08,4.067252197680193e-08,-4.067252197679516e-08,4.851061551406832e-08,-1.0498985985641057e-08,1.0498985985643313e-08,-4.8510615514072835e-08,-4.851061551406832e-08,1.0498985985641057e-08,-1.0498985985641057e-08,4.851061551406832e-08,-4.0672521976797415e-08,4.0672521976797415e-08
3.1788460047233344e-08,-3.178846004722883e-08,-8.180737232581371e-08,1.0319395900740932e-08,-1.0319395900744317e-08,8.180737232581146e-08,8.180737232581371e-08,-1.0319395900744317e-08,1.0319395900737549e-08,-8.180737232581597e-08,-3.178846004722883e-08,3.17884600472356e-08,8.258763452034622e-08,8.258763452034848e-08,-5.145449968990938e-08,2.7632234256183034e-08,2.7632234256183034e-08,-5.145449968991163e-08,-5.145449968991163e-08,2.7632234256180778e-08,2.7632234256183034e-08,-5.145449968991163e-08,8.258763452034848e-08,8.258763452034397e-08
5.145449968990938e-08,5.145449968991389e-08,-8.258763452034736e-08,-2.763223425618642e-08,-2.7632234256187547e-08,-8.258763452034736e-08,-8.258763452034397e-08,-2.763223425618529e-08,-2.7632234256189804e-08,-8.258763452034622e-08,5.1454499689916146e-08,5.145449968991389e-08,8.180737232581597e-08,-8.180737232581032e-08,-3.1788460047233344e-08,-1.031939590074206e-08,1.031939590074206e-08,3.178846004722883e-08,3.178846004723109e-08,1.0319395900739804e-08,-1.031939590074206e-08,-3.17884600472356e-08,-8.180737232581146e-08,8.180737232581371e-08
-8.387479127834897e-09,8.387479127839409e-09,9.914199813910771e-08,6.707133849078804e-10,-6.707133849090085e-10,-9.914199813911335e-08,-9.91419981391111e-08,-6.707133849112648e-10,6.707133849056242e-10,9.914199813910771e-08,8.387479127840537e-09,-8.38747912783264e-09,4.898819247378828e-09,4.898819247376571e-09,6.369506185234615e-08,2.7681489918891274e-08,2.7681489918891274e-08,6.369506185234615e-08,6.369506185234615e-08,2.7681489918889017e-08,2.7681489918895787e-08,6.369506185234615e-08,4.898819247376571e-09,4.898819247374315e-09
6.369506185235066e-08,6.369506185235066e-08,4.898819247372059e-09,2.7681489918889017e-08,2.7681489918891274e-08,4.898819247374315e-09,4.898819247376571e-09,2.7681489918891274e-08,2.7681489918884504e-08,4.898819247374315e-09,6.369506185235066e-08,6.369506185235291e-08,9.914199813911335e-08,-9.914199813910884e-08,-8.387479127840537e-09,6.707133849056242e-10,-6.707133849112648e-10,8.387479127836024e-09,8.38747912783828e-09,-6.707133849112648e-10,6.707133849101367e-10,-8.387479127839409e-09,-9.914199813910771e-08,9.914199813910884e-08
-7.486777950990225e-09,7.486777950992482e-09,-1.0316679148130255e-07,-7.597275356291494e-10,7.59727535625765e-10,1.0316679148129804e-07,1.0316679148129804e-07,7.597275356280213e-10,-7.597275356325337e-10,-1.0316679148130255e-07,7.486777950987969e-09,-7.486777950987969e-09,-4.5522968591552954e-08,-4.5522968591552954e-08,-1.6878608742452316e-08,1.8135122123728464e-08,1.8135122123726208e-08,-1.6878608742454573e-08,-1.6878608742452316e-08,1.8135122123726208e-08,1.8135122123728464e-08,-1.6878608742454573e-08,-4.552296859155521e-08,-4.552296859155747e-08
1.6878608742450063e-08,1.6878608742454573e-08,4.5522968591552954e-08,-1.813512212372508e-08,-1.8135122123727336e-08,4.552296859155521e-08,4.5522968591552954e-08,-1.8135122123729592e-08,-1.813512212373185e-08,4.5522968591552954e-08,1.6878608742452316e-08,1.6878608742454573e-08,1.0316679148130255e-07,-1.0316679148129804e-07,7.486777950985714e-09,7.597275356325337e-10,-7.597275356280213e-10,-7.486777950987969e-09,-7.486777950990225e-09,-7.597275356280213e-10,7.59727535625765e-10,7.486777950987969e-09,-1.0316679148130029e-07,1.0316679148129804e-07
-5.224506253151062e-08,5.224506253151739e-08,6.214109753299152e-08,-4.1117512091578216e-09,4.11175120915895e-09,-6.214109753299603e-08,-6.214109753299378e-08,4.11175120915895e-09,-4.111751209162334e-09,6.214109753299152e-08,5.2245062531515135e-08,-5.2245062531508366e-08,-6.818413823399421e-08,-6.818413823399196e-08,1.150242809688674e-08,1.879312718952382e-08,1.879312718951931e-08,1.150242809688674e-08,1.150242809688674e-08,1.879312718951931e-08,1.8793127189521566e-08,1.150242809688674e-08,-6.818413823399646e-08,-6.818413823399872e-08
1.1502428096891254e-08,1.1502428096891254e-08,-6.818413823399646e-08,1.8793127189521566e-08,1.879312718951931e-08,-6.818413823399421e-08,-6.818413823399533e-08,1.8793127189521566e-08,1.879312718951931e-08,-6.818413823399421e-08,1.1502428096891254e-08,1.1502428096895767e-08,6.21410975329983e-08,-6.214109753299264e-08,-5.224506253151288e-08,-4.1117512091578216e-09,4.11175120915895e-09,5.224506253151288e-08,5.224506253151062e-08,4.11175120915895e-09,-4.1117512091578216e-09,-5.224506253151062e-08,-6.214109753299378e-08,6.214109753299603e-08
